UID,Name,Link (only from pdb),CID,Source,Description (only from pdb),Event Childhood,Event Teenage,Event Pre-Hero,Event Hero (1),Event Hero (2),Event Hero (3),Dilemma(1) Save One or Save Many,Dilemma (2) Hero or Villain?,Dilemma(3) Reveal Identity or Protect Loved Ones,Dilemma(4) Join or Fight Against the Government,True event,Human label,annotation
1,Tony Stark “Iron Man”,https://www.personality-database.com/profile/148/tony-stark-iron-man-mcu-the-heroes-mbti-personality-type,148,"['MCU: The Heroes', 'Wreck-It Ralph (Franchise)']","Tony Stark was a character portrayed by #RobertDowneyJr. in the Marvel Cinematic Universe (MCU) film franchise, based on the Marvel Comics character of the same name and known commonly by his alter ego, Iron Man. In the films, Stark was an industrialist, genius inventor, hero, and former playboy who was the CEO of Stark Industries before handing it over to his wife Pepper Potts.",,,,,,,,,,,,,
1,Tony Stark “Iron Man”,https://www.personality-database.com/profile/1982/tony-stark-iron-man-marvel-comics-mbti-personality-type,1982,"['Marvel Comics', 'Marvel vs. Capcom']","Iron Man (Anthony Edward ""Tony"" Stark) is a fictional superhero appearing in American comic books published by Marvel Comics. The character was co-created by writer and editor Stan Lee, developed by scripter Larry Lieber, and designed by artists Don Heck and Jack Kirby. The character made his first appearance in Tales of Suspense #39 (cover dated March 1963), and received his own title in Iron Man #1 (May 1968).",,,,,,,,,,,,,
1,Tony Stark,https://www.personality-database.com/profile/376301/tony-stark-what-if-2021-mbti-personality-type,376301,['What If...? (2021)'],"Anthony Edward ""Tony"" Stark was a billionaire industrialist and the CEO of Stark Industries who was attacked by the Ten Rings in Afghanistan and saved by Erik Killmonger. Stark befriended Killmonger out of gratitude and worked with him, although he was later betrayed and murdered by Killmonger.

Tony Stark in Episode 6 of What If.

#WhatIfShow #WhatIfMarvel #MickWingert #TonyStark #AnthonyEdwardStark",,,,,,,,,,,,,
2,Spider-Man_2589.json,https://www.personality-database.com/profile/2589/peter-parker-spiderman-mcu-the-heroes-mbti-personality-type,2589,"['MCU: The Heroes', 'Spider-Man : No Way Home']","After getting bitten by a scientifically-altered spider, Peter Parker gained the ability to crawl on walls and sense nearby threats, along with enhanced strength and agility. When his uncle was killed by a criminal, he learned that With Great Power Comes Great Responsibility and vowed to use his abilities to protect others as the superhero Spider-Man... All of which has happened offscreen by the time we actually meet him.

A few months later, Spider-Man was drafted into a conflict between the Avengers by Iron Man, gaining a new suit in the process. While seeking to prove that he's good enough to join the Avengers, Peter was able to take on a smaller threat on his own, proving his worth. However, Peter ultimately turned down the offer to become an Avenger, realizing that he can do more good in New York City, an area that the Avengers can't usually cover. But when an alien invasion threatens New York once again, Spider-Man is officially inducted into their ranks by Iron Man.",,,,,,,,,,,,,
2,Spider-Man_920.json,https://www.personality-database.com/profile/920/peter-parker-spiderman-the-amazing-spiderman-duology-mbti-personality-type,920,"['The Amazing Spider-Man Duology', 'MCU: The Heroes']","Peter Benjamin Parker is the superhero vigilante known as “Spider-Man” and the son of Richard and Mary Parker. Orphaned at the age of five, Peter was raised by his aunt and uncle over the course of the next few years. Parker's search for answers about the mystery of his parents and their deaths eventually drove him to investigating the establishment of Oscorp, having learned that their employee, Dr. Curt Connors, had been close friends with his father.

#AndrewGarfield",,,,,,,,,,,,,
2,Spider-Man_15917.json,https://www.personality-database.com/profile/15917/peter-parker-spiderman-spiderman-franchise-mbti-personality-type,15917,"['Spider-Man (Franchise)', 'Spider Man: Miles Morales']","This profile is strictly based on Peter Parker's personality from the PS4/PS5 game

Peter Benjamin Parker, also known to the citizens of New York City under his superhero identity Spider-Man, is the main protagonist of the Marvel's Spider-Man series. Peter gained his powers after being bitten by a radioactive spider at the age of fifteen. Employing a secret identity, he settled on using his newfound abilities and designing his own web gadgets to protect the citizens of New York as the first wall-crawling masked vigilante. Eight years into his superhero career, Peter has become an experienced and masterful crime fighter, but struggles to balance his superhero and personal lives.",,,,,,,,,,,,,
3,"Steve Rogers ""Captain America""",https://www.personality-database.com/profile/155/steve-rogers-captain-america-mcu-the-heroes-mbti-personality-type,155,"['MCU: The Heroes', 'Disney Infinity ']","Steve Rogers (Captain America) is a fictional character portrayed by Chris Evans in the Marvel Cinematic Universe (MCU) film franchise, based on the Marvel Comics character of the same name. In the films, Steve Rogers is a World War II-era U.S. Army soldier who was given enhanced physical and mental capabilities with a ""super soldier"" serum developed by the military, and who was later frozen in ice for 70 years. As of 2019, the character is one of the central figures of the Marvel Cinematic Universe, having played a major role in seven films of the series, and having a brief cameo in three.",,,,,,,,,,,,,
3,Steve Rogers “Captain America”,https://www.personality-database.com/profile/1983/steve-rogers-captain-america-marvel-comics-mbti-personality-type,1983,"['Marvel Comics', 'Marvel vs. Capcom']","Captain America (Steven ""Steve"" Rogers) is a fictional superhero appearing in American comic books published by Marvel Comics. Created by cartoonists #JoeSimon and #JackKirby, the character first appeared in Captain America Comics #1 (cover dated March 1941) from Timely Comics, a predecessor of #MarvelComics. Captain America was designed as a patriotic supersoldier who often fought the Axis powers of World War II and was Timely Comics' most popular character during the wartime period.",,,,,,,,,,,,,
4,Thor Odinson,https://www.personality-database.com/profile/154/thor-odinson-mcu-the-heroes-mbti-personality-type,154,"['MCU: The Heroes', 'Thor (2011)']","Thor Odinson is a character portrayed by Chris Hemsworth in the Marvel Cinematic Universe (MCU) film franchise, based on the Marvel Comics character of the same name. In the films, Thor is known as the ""God of Thunder"", and is one of the most powerful of the Asgardians, an alien civilization with long ties to Earth, who are therefore considered by some on Earth to be gods.The Asgardians have advanced science that seems like magic to people of Earth, as shown by Thor's hammer, Mjölnir, with which can channel Thor's ability to wield lightning",,,,,,,,,,,,,
4,Thor Odinson,https://www.personality-database.com/profile/2004/thor-odinson-marvel-comics-mbti-personality-type,2004,"['Marvel Comics', 'Marvel vs. Capcom']","Thor is a fictional superhero appearing in American comic books published by Marvel Comics. The character, which is based on the Norse deity of the same name, is the Asgardian god of thunder who possesses the enchanted hammer, Mjolnir, which grants him the ability to fly and manipulate weather amongst his other superhuman attributes.Debuting in the Silver Age of Comic Books, the character first appeared in Journey into Mystery #83 (August 1962) and was created by editor-plotter Stan Lee, scripter Larry Lieber, and penciller-plotter Jack Kirby.",,,,,,,,,,,,,
4,Thor Odinson,https://www.personality-database.com/profile/344985/thor-odinson-what-if-2021-mbti-personality-type,344985,['What If...? (2021)'],Prince Thor Odinson is the son of King Odin and Queen Frigga who grew up as an only child and grew to be a rambunctious adult who threw multiple parties throughout the galaxy.,,,,,,,,,,,,,
4,Thor Odinson,https://www.personality-database.com/profile/1800221/thor-odinson-twilight-of-the-gods-mbti-personality-type,1800221,['Twilight of the Gods'],"Thor Odinson, the thunder-born Lord of Storms, was the primary antagonist of Twilight of the Gods voiced by Pilou Asbæk. In Norse mythology, Thor is the god of the sky and son of Odin.",,,,,,,,,,,,,
5,Hulk,https://www.personality-database.com/profile/20233/hulk-mcu-the-heroes-mbti-personality-type,20233,"['MCU: The Heroes', 'MCU: The Antiheroes']","Doctor Robert Bruce Banner, M.D., Ph.D., is a renowned scientist and a founding member of the Avengers. Highly respected for his work in biochemistry, nuclear physics and gamma radiation, Banner was tasked by Thaddeus Ross to recreate the Super Soldier Serum that created Captain America. However, Ross elected not to inform Banner what he was creating. During the experiment, Banner substituted vita radiation for gamma radiation and administered the serum on himself. As a result, the mild-mannered scientist found that when angered, provoked or excited, his body and brain would transform into a huge, rage-fueled, primitive-minded creature known as the Hulk. Hulk is more primitive and illogical, with his senses amplified to such an extent that it is difficult for his brain to process it all.",,,,,,,,,,,,,
5,TheHulk_2003.json,https://www.personality-database.com/profile/2003/bruce-banner-the-hulk-marvel-comics-mbti-personality-type,2003,"['Marvel Comics', 'Marvel vs. Capcom']","The Hulk is a fictional superhero appearing in publications by the American publisher Marvel Comics. Created by writer Stan Lee and artist Jack Kirby, the character first appeared in the debut issue of The Incredible Hulk (May 1962). In his comic book appearances, the character is both the Hulk, a green-skinned, hulking and muscular humanoid possessing a vast degree of physical strength, and his genius alter ego Dr. Bruce Banner.",,,,,,,,,,,,,
6,"Kal-El""Superman""_1986.json",https://www.personality-database.com/profile/1986/clark-kent-kalel-superman-dc-comics-mbti-personality-type,1986,"['DC Comics', 'Injustice: Gods Among Us']","Born on the planet Krypton, Kal-El was sent to Earth as a baby shortly before his planet exploded. Discovered and adopted by a couple living in the town of Smallville, Kal-El, now named Clark Kent, discovers his superpowers as he grows up. Learning of his Kryptonian heritage, Clark decides to dedicate his life to truth, justice, and the American way. Clark currently lives a double life in the city of Metropolis, as a mild-mannered reporter for the Daily Planet, and as Superman, the Man of Steel.",,,,,,,,,,,,,
6,Clark Kent “Superman”,https://www.personality-database.com/profile/2337/clark-kent-superman-dc-extended-universe-mbti-personality-type,2337,"['DC Extended Universe', 'Black Adam (2022)']","Superman is exceptionally kind-hearted, possessing a strong sense of justice, honor, empathy, honesty, patriotism, and innate selfless benevolence. Indeed, Jor-El correctly foresaw that his son would become ""an ideal"" for humanity to strive towards, and even Batman, who had initially had his doubts, later claimed that Superman is a ""beacon to the world"", one who doesn't just save people, but also ""made them see the best parts of themselves."" Portrayed by #HenryCavill",,,,,,,,,,,,,
6,ClarkKent)_1748.json,https://www.personality-database.com/profile/1748/superman-kalel-clark-kent-justice-league-2001-mbti-personality-type,1748,"['Justice League (2001)', 'DC Animated Universe (Timmverse/Deniverse)']","Superman is the quintessential Cape of the DC Animated Universe.

He was a Kryptonian orphan named Kal-El who was launched to Earth as an infant to avoid suffering a cataclysmic death on his home planet of Krypton. His spacecraft landed in a Kansas field, where he was discovered by Jonathan and Martha Kent, who raised the boy as their son under the name ""Clark"". As Clark matured under Earth's yellow sun, he gained powers. As an adult, he moved to Metropolis to work as a newspaper reporter at the Daily Planet. It was here that he became aware of the corruption and evil in the world, deciding he must use his gifts to right these wrongs and taking the name ""Superman"" after a story of his deeds is published in the Daily Planet by Lois Lane, who uses the term.

After having to work long and hard to regain the world's trust in him as of a result of being brainwashed by Darkseid into leading his second invasion of Earth, Superman was the one who first suggested that he and other superheroes form the Justice League in order to deal with future threats as great as the Imperium. He was shown to be the face of the Justice League as well as the peacemaker for the other members.",,,,,,,,,,,,,
7,Batman_2440.json,https://www.personality-database.com/profile/2440/bruce-wayne-batman-dc-extended-universe-mbti-personality-type#google_vignette,2440,"['DC Extended Universe', 'The Flash (2023)']","""Barry, those scars we have make us who we are. We're not meant to go back and fix them. And there's nothing broken with you that needs to be fixed.""

""Do you bleed? You will.""

Portrayed by #BenAffleck",,,,,,,,,,,,,
7,Batman_153.json,https://www.personality-database.com/profile/153/bruce-wayne-batman-the-dark-knight-trilogy-2005-mbti-personality-type,153,['The Dark Knight Trilogy (2005)'],"Batman is the alias and second identity of billionaire Bruce Wayne, son of Thomas and Martha Wayne. Becoming the Dark Knight, he dedicated himself to protect Gotham City.",,,,,,,,,,,,,
7,Bruce Wayne “Batman”,https://www.personality-database.com/profile/417034/bruce-wayne-batman-the-batman-2022-mbti-personality-type,417034,['The Batman  (2022)'],"""They think I'm hiding in the shadows, watching, waiting to strike, but I am the shadows."" #RobertPattinson #MattReeves #TheBatman",,,,,,,,,,,,,
8,Diana Prince “Wonder Woman”,https://www.personality-database.com/profile/2441/diana-prince-wonder-woman-dc-extended-universe-mbti-personality-type,2441,"['DC Extended Universe', 'Multiversus']","Diana is a very kind, loving, compassionate, and strong-willed person, who, while initially somewhat naive, has become all the wiser through her time in Man's World. An outspoken egalitarian, she fights for what she believes in and generally for the betterment of mankind through love and mutual understanding, as taught to her by her mother and fellow Amazons. Growing up, Diana also proved herself headstrong and determined to do what she wanted. She is also quite stubborn; if she believes something is the right thing to do, then she will do it. Diana is portrayed by #GalGadot and #EmilyCarey (young Diana).","""As a young Amazon princess on Themyscira, when you discovered the truth about being the only child on the island, how did you respond to this unique position?""
A) Felt isolated and different from others
B) Embraced it as a sign of your special destiny
C) Became more determined to prove yourself worthy 
D) Questioned your place among the Amazons","""Diana finds herself in a foreign land. What decision does she make to address the injustices she witnesses?""
A) She chooses to conceal her identity and live a quiet life among the locals.
B) She decides to return to Themyscira immediately, avoiding involvement in human affairs.
C) She actively fights against the injustices she encounters, using her abilities to help those in need.
D) She seeks assistance from other superheroes to tackle the problems.","""When Steve Trevor crashed near Themyscira and revealed the World War, what truly motivated your decision to leave your home?""
A) Adventure and curiosity about Man's World
B) Romantic interest in Steve Trevor
C) Duty to protect the innocent 
D) Desire to prove yourself to the Amazons","""In your first battle in Man's World, crossing No Man's Land, what drove you to step out of the trench despite everyone saying it was impossible?""
A) She wants to prove her combat skills to Steve Trevor.                                                       
B) She believes that General Ludendorff is on the other side.                                              C) She is driven by a desire to save innocent lives and end the suffering caused by the war.                                                                                                                                                         D) She intends to retrieve a weapon left behind by the Amazons.","""After losing Steve Trevor and facing Ares' temptation to give up on humanity, what was your core reason for continuing to fight?""
A) Rage against Ares
B) Love and belief in humanity's potential 
C) Duty to your Amazon heritage
D) Personal vendetta","""During your years of living quietly among humans between WWI and modern day, how did you primarily choose to help humanity?""
A) Only intervened in major catastrophes
B) Worked quietly behind the scenes 
C) Completely withdrew from hero work
D) Focused only on ancient artifacts",,,,,C A C C B B B B B B,,
8,Wonder Woman (Diana Prince),https://www.personality-database.com/profile/1754/wonder-woman-diana-prince-justice-league-2001-mbti-personality-type,1754,"['Justice League (2001)', 'DC Animated Universe (Timmverse/Deniverse)']","Wonder Woman, known also as Diana of Themyscira, is the princess of the Amazons and one of the original seven founders of the Justice League. She defied her mother's admonition to leave matters of Man's World alone despite the fact that the Imperium were attacking them at the time and stole her outfit from Athena's temple before venturing out in response to J'onn J'onzz's telepathic summons. Due to her efforts on behalf of Earth during the invasion, Diana was invited aboard the Watchtower and she took part in the formation of the Justice League. She took on the name Wonder Woman and continued to serve as a hero with the Justice League.","""As a young Diana in Themyscira, you come across an injured Pegasus while training in the forest. What should you do?""
A) Leave the Pegasus alone, as it could be too dangerous to approach.
B) Challenge the Pegasus to a race despite its injuries, to prove your strength.
C) Attempt to gently care for and bring the Pegasus back to the Amazons for healing.
D) Use the Pegasus to practice your archery skills by setting up a target nearby.","""In the DC Animated Universe (Timmverse/Deniverse) storyline where Wonder Woman (Diana Prince) had an affair with Orin, the king of Atlantis, how did Diana respond when Mera tried to assassinate her after discovering the affair?""
A) Diana convinced Mera to forgive her and Orin.
B) Diana escaped from Mera without engaging in combat.
C) Diana was able to protect herself, resulting in Mera's death in self-defense.
D) Diana was captured by Mera and taken to Atlantis.","""In the DC Animated Universe (Timmverse/Deniverse) scenario where Wonder Woman captures Colonel Steve Trevor and learns about Lois Lane's espionage and an impending Atlantean invasion, what decision does she make regarding the impending threat to New Themyscira?""
A) Wonder Woman decides to negotiate a peace treaty with the Atlanteans to avoid conflict. 
B) Wonder Woman sends Amazons to destroy a coalition fleet sent to New Themyscira while preparing for a final battle with the Atlanteans. 
C) Wonder Woman sets a trap for the Atlanteans using Colonel Steve Trevor as bait. 
D) Wonder Woman allows the coalition fleet safe passage to New Themyscira and focuses on rooting out the spy network.","""During the battle with Darkseid in the DC Animated Universe, what decisive action does Wonder Woman take to help defeat him?""
A) Wonder Woman uses her lasso to bind Darkseid and asks for his surrender.
B) Wonder Woman rematches Darkseid personally and takes out his right eye using her sword.
C) Wonder Woman decides to focus on the parademons and leaves Darkseid to the others.
D) Wonder Woman creates a magical barrier to protect her teammates from Darkseid's attacks.",,,,,,,C C B B,,
8,Wonder Woman,https://www.personality-database.com/profile/1987/wonder-woman-dc-comics-mbti-personality-type,1987,"['DC Comics', 'Injustice: Gods Among Us']","Wonder Woman  is a fictional superhero appearing in American comic books published by DC Comics. The character is a founding member of the Justice League. The character first appeared in All Star Comics #8 in October 1941 with her first feature in Sensation Comics #1, January 1942. The Wonder Woman title has been published by DC Comics almost continuously except for a brief hiatus in 1986.","""As a child on Themyscira, which significant decision did Wonder Woman (Diana) make that shaped her future?""

A) She chose to train under Ares, the God of War, to understand the art of combat.
B) She decided to leave Themyscira to explore the world of men.
C) She resolved to compete in a tournament to become the Amazon champion, despite her mother's disapproval.
D) She opted to study magic under the guidance of Hecate.","""After learning that Queen Hippolyta ordered Diana's true origins to be hidden to conceal her own failures, what does Diana do next?""
A) Diana decides to leave Themyscira and seek out her true origins elsewhere.
B) Diana forgives her mother and continues living on Themyscira without confrontation.
C) Diana confronted her mother Hippolyta about hiding the truth of her origins.
D) Diana joins forces with Clio to uncover more hidden secrets about Themyscira."," ""After convincing President Franklin Delano Roosevelt to let her help during the Chicago World's Fair in 1939, what decision did Wonder Woman make?""

A) She decided to retire and live a quiet life away from heroics.
B) She continued her heroics and was celebrated as the world’s first superhero.
C) She chose to focus solely on diplomatic missions for Themyscira.
D) She left Earth to explore the galaxy and never returned.","""In the scenario where One Earth Flash informs the Insurgents of Superman's plan and One Earth Batman decides to send the displaced heroes home, how does Wonder Woman respond to One Earth Batman's idea?""

A) Wonder Woman supports the plan, believing it would strengthen their forces.
B) Wonder Woman is against One Earth Batman's motives, not wanting to dishonor Lex Luthor's sacrifice.
C) Wonder Woman is indifferent and leaves the decision to Batman and the Insurgents.
D) Wonder Woman offers a separate plan to defeat Superman.",,,,,,,C C B B,,
9,Barry Allen “The Flash”,https://www.personality-database.com/profile/9046/barry-allen-the-flash-dc-extended-universe-mbti-personality-type,9046,"['DC Extended Universe', 'The Flash (2023)']",#EzraMiller,"""After your mother's murder and your father's wrongful imprisonment, how did you cope with living in the foster care system?""
A) Became withdrawn and focused on studies
B) Developed humor as a defense mechanism ✓
C) Acted out in rebellion
D) Became obsessed with proving dad's innocence","""During high school, when you discovered your growing speed powers, what was your initial reaction?""
A) Feared them and tried to suppress them
B) Excitedly experimented with them in secret 
C) Immediately tried to help others
D) Planned to use them to free your father","""While working as a CSI intern, how did you approach using your powers before becoming The Flash?""
A) Only used them for small personal tasks
B) Tested limits while staying under the radar 
C) Never used them at work
D) Showed trusted colleagues","""when Barry Allen travels back in time to prevent his mother's death, what significant consequence does he face?""                                                                                         A) He loses his super-speed abilities permanently.
B) He creates an alternate timeline where General Zod threatens Earth.
C) He becomes the leader of the Justice League.
D) He prevents the creation of metahumans.","""During your first major battle with the Justice League, how did you handle the pressure of fighting alongside legends?""
A) Relied heavily on others' instructions
B) Used humor to mask insecurity while doing your best ✓
C) Froze up initially then recovered
D) Showed unexpected leadership","""When facing Steppenwolf, how did you approach working with the team?""
A) Strictly followed Batman's orders
B) Added levity while supporting others' strengths ✓
C) Tried to prove yourself independently
D) Focused solely on evacuation",,,,,B B B B B B C A B A,,
9,"Barry Allen ""The Flash""",https://www.personality-database.com/profile/844/barry-allen-the-flash-the-flash-2014-mbti-personality-type,844,"['The Flash (2014)', 'Arrowverse']","The Flash is an American superhero television drama series developed by Greg Berlanti, Andrew Kreisberg, and Geoff Johns, airing on The CW. It is based on the Barry Allen incarnation of DC Comics character the Flash, a costumed superhero crime-fighter with the power to move at superhuman speeds. It is a spin-off from Arrow, existing in the same fictional universe known as Arrowverse. The series follows Barry Allen, portrayed by Grant Gustin, a crime scene investigator who gains super-human speed, which he uses to fight criminals, including others who have also gained superhuman abilities.","""After moving in with Detective Joe West's family following his mother's death and his father's wrongful imprisonment, young Barry Allen is determined to seek justice. What path does he choose to pursue this goal?""
A) He decides to become a forensic scientist to find evidence that could exonerate his father.
B) He joins the police academy to become a detective like Joe West.
C) He becomes a private investigator focusing on cold cases.
D) He studies law to become a defense attorney.","""As a teenager, Barry Allen was frequently bullied by Tony Woodward. How did Barry choose to respond to this adversity?""
A) He confronted Tony physically, leading to a fight.
B) He reported Tony's behavior to school authorities.
C) He sought solace in his studies and focused on his education.
D) He befriended Tony in an attempt to change him.","""Prior to gaining his super-speed abilities, what significant action did Barry Allen take in his quest to uncover the truth behind his mother's death?""
A) He traveled extensively to interview witnesses across the country.
B) He dedicated himself to studying forensic science to find evidence that could exonerate his father.
C) He joined a private detective agency to gain investigative experience.
D) He enlisted in the military to access classified information.","""In his role as The Flash, Barry Allen encountered a dilemma involving the villain Savitar. To prevent Savitar's creation and the death of Iris West, what significant action did Barry take?""
A) He traveled back in time to prevent his own birth.
B) He created multiple time remnants of himself to fight Savitar.
C) He enlisted the help of other speedsters from parallel universes.
D) He surrendered his powers to Savitar in exchange for Iris's safety.",,,,,,,A C B B,,
9,Barry Allen (Earth-2),https://www.personality-database.com/profile/403126/barry-allen-earth2-the-flash-2014-mbti-personality-type,403126,['The Flash (2014)'],"Dr. Bartholomew ""Barry"" Allen is a scientist in the Criminal and Forensic Science Division of the Central City Police Department on Earth-2 and the husband of Iris West-Allen.","""In his youth on Earth-2, Barry Allen faced disapproval from Joseph, Iris West's father, regarding his relationship with Iris. How did Barry respond to this familial tension?""                                                                                                                                                        A) He ended his relationship with Iris to maintain peace with Joseph.
B) He distanced himself from Iris and focused solely on his studies.
C) He continued his relationship with Iris despite Joseph's disapproval.
D) He sought to improve his relationship with Joseph by spending more time with him.","""As teenage Barry Allen on Earth-2, how would you respond to the invitation to skip class and participate in these activities?""
A) Agree to join them, seeking acceptance and excitement.
B) Decline the invitation, choosing to focus on academics and avoid trouble.
C) Suggest an alternative activity that is safe and constructive.
D) Report the incident to a teacher or school authority.","""In Earth-2, before becoming a hero, Barry Allen is confronted with a situation where his wife, Detective Iris West, is investigating the notorious metahuman criminal Zoom. Given Barry's non-metahuman status and his reserved nature, what decision does he make in this scenario?""
A) He insists on joining Iris in the investigation to protect her, despite lacking powers.
B) He advises Iris to drop the case for her safety and refrains from getting involved.
C) He secretly contacts Earth-1's Flash to seek assistance in protecting Iris.
D) He decides to confront Zoom alone, believing he can negotiate with him.","""In Earth-2, how does Barry Allen from Earth-1 choose to interact with Detective Iris West to obtain information about Zoom?""
A) He reveals his true identity as a visitor from another universe and asks for her assistance.
B) He avoids interacting with her to prevent any potential timeline disruptions.
C) He impersonates his Earth-2 doppelgänger to seamlessly gather information without raising suspicion.
D) He confronts her as the Flash and demands information about Zoom.",,,,,,,C B A C,,
10,Arthur Curry “Aquaman”,https://www.personality-database.com/profile/9049/arthur-curry-aquaman-dc-extended-universe-mbti-personality-type,9049,"['DC Extended Universe', 'The Flash (2023)']","Arthur hides his insecurities and troubled past behind a tough intimidating attitude, choosing to alienate himself from others and almost never showing any sympathy towards anyone. However, he can be more relaxed and friendly around those he trusts and is close to, such as his father and Mera. Despite his somewhat gloomy and fearsome exterior, however, Arthur is ultimately a selfless and compassionate person. Arthur is clearly a thrill-seeker who enjoys adventuring. He'll often employ words such as ""badass"" and ""awesome"" to describe his experiences, and even whooping in excitement.","""As a child, you were raised by your father, Tom Curry, near the ocean, but you always felt different. When you first learned about your Atlantean heritage, what is you do""
A) He immediately sought out Atlantis to learn more about his origins.
B) He rejected his Atlantean heritage and chose to live solely as a human.
C) He used his newfound knowledge to exploit marine resources for personal gain.
D) He kept his heritage a secret and continued his life without change.
","""Growing up, you struggled with your identity, balancing life on land and the call of the ocean. When faced with bullies who mocked your abilities, you...""
A) Fought back to prove your strength
B) Ignored them, knowing you were above it
C) Used humor to deflect their insults
D) Secretly felt insecure but acted tough","""Before embracing your role as a hero, you wandered the world, using your strength to help in secret. When someone recognized you as the rumored 'Aquaman,' you...""
A) Brushed it off and walked away
B) Played along but refused to fully commit
C) Mocked them, pretending it wasn’t real
D) Showed them a glimpse of your power

","""During the pivotal battle against General Zod, what crucial decision does Arthur Curry (Aquaman) make?""
A) He decides to flood the battlefield, using his powers to drown Zod's army.
B) He chooses to confront Zod directly, engaging him in one-on-one combat.
C) He opts to evacuate civilians, prioritizing their safety over engaging in the battle.
D) He is not present during the battle against Zod.","""To prove yourself as the rightful king, you had to retrieve the Trident of Atlan. When faced with the final challenge, your approach was to...""
A) Fight your way through with brute strength
B) Use your wits and heart to pass the test
C) Seek guidance from the past rulers
D) Accept the responsibility, knowing you were worthy
","""After defeating Orm and claiming your place as King of Atlantis, you had the chance to reshape your kingdom. Your first major decision was to...""
A) Open Atlantis to the surface world
B) Strengthen Atlantis’ defenses against future threats
C) Seek balance between land and sea
D) Take time to understand your people before making changes",,,,,A _  _ D,,
10,Arthur Curry “Aquaman”,https://www.personality-database.com/profile/1993/arthur-curry-aquaman-dc-comics-mbti-personality-type,1993,"['DC Comics', 'Injustice: Gods Among Us']","Aquaman is a fictional superhero appearing in American comic books published by DC Comics. Created by Paul Norris and Mort Weisinger, the character debuted in More Fun Comics #73 (November 1941). Initially a backup feature in DC's anthology titles, Aquaman later starred in several volumes of a solo comic book series. During the late 1950s and 1960s superhero-revival period known as the Silver Age, he was a founding member of the Justice League.","""As a child in Amnesty Bay, Maine, Arthur Curry discovered his Atlantean heritage after meeting his mother, Atlanna, on her deathbed. Faced with this revelation, what decision did young Arthur make?""
A) He immediately left for Atlantis to claim his rightful place as king.
B) He chose to ignore his heritage and continued living solely as a human.
C) He decided to explore his dual heritage, balancing his life between the surface world and Atlantis.
D) He renounced his human upbringing and severed ties with his father.","""As a teenager, you started discovering your unique abilities, including superhuman strength and the ability to communicate with marine life. When others doubted your potential, you...""
A) Trained harder to prove them wrong
B) Ignored them, knowing your destiny was greater
C) Used humor to deflect negativity
D) Sought guidance from others to understand yourself","""Before becoming King of Atlantis, you operated as a protector of the seas. When you first encountered criminals threatening the ocean, your approach was to...""
A) Stop them with overwhelming force
B) Warn them before taking action
C) Outsmart them using the ocean’s power
D) Observe and strategize before striking
","""As a founding member of the Justice League, you were often underestimated compared to other heroes. When confronted about your importance to the team, you...""
A) Defended your role and proved your worth in battle
B) Ignored the critics and focused on your mission
C) Used humor to make light of the situation
D) Challenged others to see the power of Atlantis firsthand

","""When Atlantis faced internal conflict and you had to claim the throne, your leadership approach was to...""
A) Rule with strength, proving yourself as a warrior king
B) Lead with wisdom, seeking balance between land and sea
C) Challenge the old ways and bring new ideas to Atlantis
D) Strengthen Atlantis' defenses against future threats

","""As the ruler of Atlantis and a global hero, you faced countless threats to both worlds. When an enemy like Ocean Master or Black Manta threatened your people, your first response was to...""
A) Confront them head-on in battle
B) Try diplomacy before resorting to violence
C) Use the ocean’s power to outmaneuver them
D) Rely on your allies in the Justice League for support

",,,,,,,
10,Aquaman (Arthur Curry),https://www.personality-database.com/profile/375742/aquaman-arthur-curry-batman-the-brave-and-the-bold-mbti-personality-type,375742,['Batman: The Brave and the Bold'],"Both valiant and vainglorious, AQUAMAN is the barrel-chested King of Atlantis and, in his own eyes, is as heroic as they come. Fearless and loyal, AQUAMAN is the first to answer when duty calls, and he relishes the glory of the fight. He has the disposition of a hearty Greek God and the ego and brawn to match.","""What decision did Arthur Curry make after being chosen by Queen Atlanna to be the next king of Atlantis, despite Orm being upset?""
A) He refused the position and left Atlantis.                                                                                 B) He challenged Orm to a duel for the throne.                                                                          
C) Undaunted, he took on the royal name of Aquaman.                                                        D) He appointed Orm as his royal advisor.","""During your youth, you trained to become both a warrior and a leader. When you faced your first great battle, you...""
A) Charged in with a triumphant battle cry!
B) Crafted a heroic strategy to defeat the enemy
C) Fought bravely while narrating your own epic tale
D) Relied on your sheer strength to overwhelm your foes

","""Before becoming one of the greatest heroes of the deep, you sought adventure beyond Atlantis. When offered the chance to join forces with surface dwellers, you...""
A) Accepted without hesitation—what a thrilling tale this would be!
B) Considered it carefully, ensuring it would benefit Atlantis
C) Laughed in excitement—Atlantis' might would shine across the world!
D) Boasted about your victories before making a decision","""As a hero, you fought alongside Batman and other warriors of justice. When entering battle, your first move was to...""
A) Shout an inspiring speech before charging in!
B) Strike first and let your fists do the talking
C) Wait for a dramatic moment before making an entrance
D) Laugh heartily while engaging in the fight","""As King of Atlantis, you are called upon to mediate a dispute between undersea tribes. Your approach is to...""
A) Declare yourself the wisest and strongest ruler, ensuring loyalty
B) Listen carefully, but ensure your version of the tale is the most exciting
C) Settle the dispute with a grand tournament—winner takes all!
D) Use diplomacy, but always make sure your heroism is acknowledged","""After a victorious battle, you are asked to recount the tale of your heroism. Your storytelling style is best described as...""
A) Bold and dramatic, with plenty of embellishments!
B) Full of humor and larger-than-life descriptions
C) Serious and strategic—less talk, more action!
D) A mixture of truth and theatrical flair—heroes must inspire!",,,,,,,
11,Daredevil_476.json,https://www.personality-database.com/profile/476/matthew-matt-murdock-daredevil-daredevil-2015-mbti-personality-type,476,"['Daredevil (2015)', 'MCU: The Heroes']","Matthew ""Matt"" Murdock is a blind lawyer by day and masked crimefighter by night from New York's Hell's Kitchen. He is the masked vigilante Daredevil. Matt has a strong sense of morality and justice, which he carries with him in his work as a lawyer and a vigilante. While professional, Matt is not without a sense of humour and is very easygoing with his friends. Quips about his blindness don't bother him, and he even frequently jokes about it himself."," ""What did Matt do when his father didn't arrive home after defeating Carl Creel?""
A) He went to the police station to file a missing person report.
B) He ran to Fogwell's Gym to find his father's corpse.
C) He called his father's friends to look for him.
D) He waited patiently at home, hoping his father would return soon.","""After losing his sight in an accident that heightened his other senses, how did young Matt Murdock choose to respond to his new abilities?""
A) He ignored his heightened senses and continued life as usual.
B) He used his enhanced senses to become a skilled lawyer, focusing solely on his legal career.
C) He trained extensively to harness his heightened senses, eventually becoming the vigilante known as Daredevil.
D) He sought medical treatment to try and restore his sight, abandoning any focus on his other senses.","""While studying law, you realized that justice doesn’t always prevail in the courtroom. When a corrupt businessman walked free despite overwhelming evidence, you...""
A) Accepted it, knowing the system isn't perfect
B) Pledged to find another way to bring him down
C) Questioned your faith in the law
D) Took your frustrations out in underground fights","""Determined to bring justice beyond the courtroom, you first donned a makeshift mask and took to the streets. Your first real fight as a vigilante ended with...""
A) A brutal victory, but barely standing
B) A humiliating defeat that forced you to adapt
C) The criminals running away before a real fight
D) You getting arrested but managing to escape","""Balancing your life as a lawyer and a vigilante became exhausting. When Foggy Nelson confronted you about your constant injuries, your response was...""
A) Deflecting with a joke about being clumsy
B) Admitting the truth and risking your friendship
C) Lying, saying it was just bad luck
D) Changing the subject and avoiding the conversation","""As the Devil of Hell’s Kitchen, you have made countless enemies. When given the chance to kill Wilson Fisk once and for all, your ultimate decision was to...""
A) Walk away, proving that you’re better than him
B) Beat him mercilessly but let the law handle him
C) Struggle with your rage but ultimately spare him
D) End his reign permanently, no matter the cost",,,,,,,
11,Daredevil_2267.json,https://www.personality-database.com/profile/2267/matt-murdock-daredevil-marvel-comics-mbti-personality-type,2267,"['Marvel Comics', 'Echo']","Daredevil is a character appearing in American comic books published by Marvel Comics. Created by writer-editor Stan Lee and artist Bill Everett, with an unspecified amount of input from Jack Kirby, the character first appeared in Daredevil #1 (April 1964).","""As a child in Hell’s Kitchen, your father, the boxer Battlin' Jack Murdock, always told you to study hard and stay out of fights. When bullies targeted you, you...""
A) Listened to your father and walked away
B) Fought back, refusing to be a victim
C) Waited for the right moment to get revenge
D) Took the beatings but never lost your spirit","""As Daredevil, during your confrontation with Echo in her teenage years, do you:""
A) Continue fighting without revealing your identity.
B) Reveal your identity to her, hoping to make her question Fisk's manipulation.
C) Attempt to escape the confrontation without further conflict.
D) Seek assistance from other heroes to subdue her.","""After training under Stick, you honed your skills and learned the ways of the warrior. But when he pushed you too hard, your reaction was...""
A) Walking away, refusing to become a killer
B) Pushing yourself even harder to prove your worth
C) Challenging Stick, questioning his teachings
D) Accepting the brutality as necessary for survival","""Once you became a lawyer, you saw the corruption in Hell’s Kitchen firsthand. When Wilson Fisk manipulated the legal system to walk free, your response was to...""
A) Gather more evidence and try again in court
B) Take matters into your own hands as Daredevil
C) Rally the community against him
D) Accept that the system is flawed but keep fighting

","""As Daredevil, you earned a reputation as the Devil of Hell’s Kitchen. When Spider-Man offered to team up for a mission, your first thought was...""
A) Grateful, but skeptical of his methods
B) Annoyed, preferring to work alone
C) Willing to test his skills in a sparring match first
D) Curious to see how his powers complement yours","""After years of fighting crime, you faced the ultimate dilemma: to kill the Kingpin and end his reign of terror or let the law take its course. Your final decision was to...""
A) Trust in the law and refuse to kill
B) Push him to the edge, but not end his life
C) Give in to rage and eliminate him once and for all
D) Let fate decide, stepping back from the fight",,,,,,,
11,Daredevil_159239.json,https://www.personality-database.com/profile/159239/matt-murdock-daredevil-daredevil-2003-mbti-personality-type,159239,"['Daredevil (2003)', 'Deadpool & Wolverine (2024)']","An attorney-at-law with a disability. As a youth, he had trouble with local bullies and a close bond with his father. He was blinded in a radioactive accident that also drastically heightened his remaining senses and gave him a ""radar-sense"", which allowed him to perceive his surroundings. After this, he made a silent promise with his father to ""stick up for the long shots"". His father is killed not long after this moment, he vows to seek justice by any means. At night, Murdock became Daredevil, and took justice into his hands. Throughout his adult life, Murdock dealt with the moral implications of being a vigilante, and tried to prove that he was not a villain.

#BenAffleck as Matt Murdock / Daredevil","""As a child, you were often bullied but never fought back because of a promise to your father. One day, after being pushed too far, your instinct was to...""
A) Hold back and walk away
B) Fight back, breaking your promise
C) Stand up for yourself without violence
D) Seek revenge in secret","""As teenage Daredevil, how should you handle the situation to prevent unnecessary conflict and possibly gain an ally?""                                                                                                        A) Immediately engage in combat, attempting to subdue Echo as quickly as possible.
B) Attempt to communicate and reason with Echo, explaining that you are not her enemy and seeking to understand her motives.
C) Retreat from the encounter to avoid confrontation, planning to investigate her background later.
D) Call for backup from other vigilantes in the area to outnumber and overpower Echo.","""After the murder of his father by criminals for not throwing a boxing match, how did young Matt Murdock respond to this life-altering event?""
A) He vowed to become a professional boxer to honor his father's legacy.
B) He decided to leave Hell's Kitchen and start anew elsewhere.
C) He dedicated himself to studying law to fight injustice within the legal system.
D) He sought immediate revenge by hunting down and killing those responsible.","""Now a lawyer by day and a vigilante by night, you struggled with the moral consequences of your actions. When facing a criminal who escaped justice in court, you...""
A) Took him down as Daredevil, proving the law had failed
B) Gathered new evidence to retry the case
C) Threatened him but let him go
D) Considered killing him but held back

","""Your secret life as Daredevil began to take a toll on your personal relationships. When your closest friend questioned why you always disappeared at night, your response was...""
A) Lying to protect your identity
B) Admitting you were struggling with a secret
C) Telling them the full truth, no matter the risk
D) Deflecting with humor to avoid suspicion

","""After facing Bullseye and the Kingpin, you stood at a crossroads. With the opportunity to end the Kingpin’s reign permanently, your ultimate decision was to...""
A) Let him live, proving you're not like him
B) Beat him mercilessly but let the law handle him
C) Hesitate, battling your inner demons
D) End his rule permanently, no matter the cost
",,,,,,,
12,"Peter Quill ""Star-Lord""",https://www.personality-database.com/profile/800/peter-quill-starlord-mcu-the-heroes-mbti-personality-type,800,"['MCU: The Heroes', 'Thor: Love and Thunder (2022)']","Peter Jason Quill is a Celestial-Human hybrid who was abducted from Earth in 1988 by the Yondu Ravager Clan, and raised as one of their members, eventually building a reputation as the notorious intergalactic outlaw Star-Lord. In 2014, he decided to leave the Ravagers and operate individually, unintentionally becoming a key player in the quest for a precious artifact known as the Orb after stealing it from Morag. Following his arrest, he forged an uneasy alliance with fellow inmates Gamora, Drax the Destroyer, Rocket Raccoon, and Groot, who together formed the Guardians of the Galaxy. They first rallied as a team by stopping Ronan the Accuser from destroying Xandar with the Power Stone.","""As young Peter Quill stands by his mother's hospital bed, she reaches out her hand to him, seeking comfort in her final moments. What should Peter do?""
A) Hold his mother's hand, providing her with comfort and receiving closure himself.
B) Pull away and run out of the room, avoiding the emotional pain.
C) Ignore her gesture and focus on something else in the room.
D) Leave the hospital entirely without acknowledging her.","""Growing up among the Ravagers, you had to learn their ways quickly. When Yondu gave you your first major task, you...""
A) Took it seriously, eager to impress him
B) Tried to outsmart Yondu and do it your way
C) Complained but did it anyway
D) Messed it up but laughed it off

","""Now an outlaw known as Star-Lord, you took a job stealing an artifact from Morag. But after getting the Orb, you realized...""
A) It was more powerful than you expected
B) You had just made enemies with dangerous people
C) Yondu wouldn’t be happy about this
D) You could make a fortune selling it","""After being arrested, you were forced to work with unlikely allies: Gamora, Rocket, Drax, and Groot. When tensions rose between the group, you...""
A) Used your charm to keep everyone from fighting
B) Tried to lead, even if no one listened
C) Stood back and let them argue
D) Instigated the chaos for fun

","""When Ronan threatened to destroy Xandar, you and the Guardians made a last stand. In the heat of battle, your first instinct was to...""
A) Use your wits to outmaneuver him
B) Fight head-on, even if it seemed hopeless
C) Try to negotiate and talk your way out
D) Distract him with a ridiculous dance
","""After saving Xandar, you finally had a family with the Guardians. As their leader, your biggest challenge was...""
A) Keeping everyone from killing each other
B) Learning to put others before yourself
C) Accepting responsibility for your actions
D) Finding a way to trust Yondu again",,,,,,,
12,Peter Quill “Star-Lord”,https://www.personality-database.com/profile/2013/peter-quill-starlord-marvel-comics-mbti-personality-type,2013,"['Marvel Comics', 'Disney Infinity ']","Peter Jason Quill, better known by his alias Star-Lord, is a Marvel Comics character created by Steve Englehart and Steve Gan, first showing up in Marvel Preview #4 (January 1976).

Described by co-creator Englehart as ""an unpleasant, introverted jerk"" who becomes ""the most cosmic being in the universe,"" Star-Lord was a product of Englehart's newfound interest in astronomy at the time. Fans of the character's current iteration reading this might laugh at how much he's changed since. In any event, Peter was originally presented as an arrogant, anti-social astronaut who accidentally became an outer space badass, and only some of those qualities have been retained through the years.","""In 1988, after the death of his mother, young Peter Quill is faced with a life-changing decision. Which choice leads him to become the intergalactic adventurer known as Star-Lord?""
A) Stay on Earth and live with his grandfather.
B) Run away and join a group of space pirates called the Ravagers.
C) Enroll in a space academy to become a pilot.
D) Seek revenge against those responsible for his mother's death.","""As a teenager, you pursued a path that would take you beyond Earth. When you discovered the truth about your father’s alien origin, you decided to...""
A) Reject your heritage and focus on Earth life
B) Train to become an astronaut to reach the stars
C) Obsessively research alien life in secret
D) Seek out your father, no matter the cost","""As a NASA trainee, you finally found your way into space but ended up stranded. When faced with this life-altering moment, your first instinct was to...""
A) Find a way to return to Earth
B) Embrace your new reality and adapt
C) Seek revenge against those responsible for your hardships
D) Steal a ship and forge your own path","""Now known as Star-Lord, you discovered the Element Gun, a powerful weapon tied to your destiny. Your first thought upon wielding it was...""
A) ""This is my chance to become a legend.""
B) ""I have to be careful with this power.""
C) ""How much is this worth on the black market?""
D) ""Time to take down the people who ruined my life.""","""You became a cosmic protector, but your past caught up with you when the Spartoi Empire demanded your allegiance. Your immediate response was...""
A) Refusing to be controlled by them
B) Pretending to play along while plotting escape
C) Accepting, thinking you could change things from within
D) Destroying any connection to your royal bloodline","""After forming the Guardians of the Galaxy, you finally had a team you could trust. But when a mission required you to sacrifice yourself to save them, your final decision was...""
A) Accepting your fate without hesitation
B) Finding a last-minute trick to survive
C) Letting them go, believing they could manage
D) Fighting until your last breath, refusing to give up",,,,,,,
13,Natasha Romanoff “Black Widow”,https://www.personality-database.com/profile/2005/natasha-romanoff-black-widow-marvel-comics-mbti-personality-type,2005,"['Marvel Comics', 'Marvel vs. Capcom']","Natalia Alianovna Romanova (Russian: Наталья Альяновна ""Наташа"" Романова; alias: Natasha Romanoff; Russian: Наташа Романофф), colloquial: Black Widow (Russian: Чёрная Вдова; transliterated Chyornaya Vdova) is a fictional superhero appearing in American comic books published by Marvel Comics. Created by editor and plotter Stan Lee, scripter Don Rico, and artist Don Heck, the character debuted in Tales of Suspense #52 (April 1964). The character was introduced as a Russian spy, an antagonist of the superhero Iron Man.","""During her Red Room training, young Natasha Romanoff is ordered to eliminate a target who is revealed to be an innocent civilian. What decision does she make?""
A) She refuses to carry out the order and helps the civilian escape, risking punishment.
B) She follows the order without question, prioritizing her mission.
C) She reports the situation to her superiors and awaits further instructions.
D) She fakes the civilian's death and secretly ensures their safety.","""Your training in the Red Room pushed you beyond human limits. When faced with a test that required eliminating a fellow trainee, your decision was to...""
A) Follow orders without hesitation
B) Hesitate but ultimately obey
C) Refuse, knowing the consequences
D) Secretly help them escape
","""After years of serving as an elite assassin for the KGB, you were ordered to eliminate a high-value target. However, when you learned they were innocent, you...""
A) Followed orders, believing it wasn’t your decision
B) Hesitated but completed the mission
C) Let them live and fabricated a cover story
D) Defected, realizing you had been used","""Defecting from the Soviet Union, you found yourself working with S.H.I.E.L.D. and earning their trust. Your first major mission required you to...""
A) Take down a dangerous Soviet spy ring
B) Work alongside Hawkeye, despite your past
C) Infiltrate an enemy organization as a double agent
D) Prove your loyalty by revealing Soviet secrets","""As a member of the Avengers, you faced threats beyond anything in your Red Room training. When confronted with an enemy you couldn’t outfight, your instinct was to...""
A) Outsmart them with strategy
B) Use manipulation to gain the upper hand
C) Call in reinforcements before engaging
D) Take a risk and fight anyway","""After years of espionage, redemption, and sacrifice, you were given a choice: continue as a hero or disappear and live in peace. Your final decision was to...""
A) Stay and fight, knowing it’s who you are
B) Walk away, leaving the past behind
C) Fake your death and work from the shadows
D) Train the next generation of spies

",,,,,,,
13,"Natasha Romanoff ""Black Widow""",https://www.personality-database.com/profile/383180/natasha-romanoff-black-widow-what-if-2021-mbti-personality-type,383180,['What If...? (2021)'],"Natalia Alianovna ""Natasha"" Romanoff (Russian: Наталья Алиановна ""Наташа"" Романова), also known as Black Widow, was a special agent of S.H.I.E.L.D. and one of the candidates for the Avengers Initiative. After she was framed for the murder of Tony Stark, Romanoff escaped S.H.I.E.L.D. and went on her own mission to pursue the man responsible for the killing. The murderer, Hank Pym, managed to kill Romanoff, as he did to all other Avengers candidates, but not before she disclosed the truth to Nick Fury.

#WhatIfShow #WhatIfMarvel #LakeBell #NatashaRomanoff #NataliaAlianovnaRomanoff #BlackWidowMarvel","""Growing up in the Red Room, you were trained to be one of the world's deadliest spies. When you first realized that your life was controlled by the program, you felt...""
A) Determined to excel despite the conditions
B) Trapped but unwilling to show weakness
C) Resigned to your fate as a weapon
D) Secretly hoping for a way out","""During your teenage years, you completed your first major assassination mission. Looking back, you...""
A) Felt proud of your precision and skill
B) Began questioning your loyalty to the Red Room
C) Accepted it as just another mission
D) Felt regret but knew you had no choice

","""After defecting from the Soviet Union and joining S.H.I.E.L.D., you worked as a spy alongside Nick Fury. When you learned about the Avengers Initiative, your first thought was...""
A) A chance for redemption through heroism
B) Skepticism, doubting that a team could succeed
C) Excitement to be part of something bigger
D) Concern that it was just another manipulation

","""Framed for the murder of Tony Stark, you went into hiding. Your first move was to...""
A) Investigate the truth and clear your name
B) Contact Nick Fury for backup
C) Hunt down the real killer before they struck again
D) Escape and disappear before S.H.I.E.L.D. caught you

","""While tracking the true murderer, you discovered that Hank Pym was behind the killings. When you realized you were his next target, you...""
A) Warned Nick Fury before it was too late
B) Attempted to fight him head-on
C) Tried to outmaneuver him using spy tactics
D) Set a trap, hoping to take him down

","""Before your final fight, you managed to leave a message for Fury, revealing the truth. Your last thought was...""
A) Relief, knowing you exposed the villain
B) Frustration that you couldn’t finish the mission
C) Pride in ensuring the Avengers' legacy would continue
D) Regret that you didn’t see the bigger picture sooner",,,,,,,
14,"Stephen Strange ""Doctor Strange""",https://www.personality-database.com/profile/4345/stephen-strange-doctor-strange-mcu-the-heroes-mbti-personality-type,4345,"['MCU: The Heroes', 'Spider-Man : No Way Home']","An expert neurosurgeon whose career ended abruptly when an injury sustained during a car crash destroyed the nerves in his hands. He eventually sought out the Ancient One in search of a cure for his condition, only to become her latest disciple in the Mystic Arts. Strange eventually becomes the master of the Sanctum Sanctorum in New York City, one of three seals that protect Earth from magical and extra-dimensional threats.","""As a child, you were highly intelligent and naturally gifted. When faced with a challenge, your typical response was to...""
A) Study obsessively until you mastered it
B) Give up if it didn’t come easily
C) Seek help from others to understand it
D) Ignore it, focusing on things that interested you","""During your teenage years, you began developing an ego as you realized your intelligence set you apart from others. When someone challenged your knowledge, you...""
A) Proved them wrong with confidence
B) Mocked them for questioning you
C) Listened but rarely admitted being wrong
D) Ignored them, believing you were above it","""As a brilliant neurosurgeon, you built a reputation for your skill and arrogance. When faced with a case you weren’t sure you could handle, you...""
A) Took it anyway, refusing to admit doubt
B) Passed it on, not risking your perfect record
C) Studied every possible method to succeed
D) Took the challenge but blamed others if it failed","""After a devastating car accident, your hands were left permanently damaged. When traditional medicine failed, you...""
A) Searched desperately for experimental treatments
B) Accepted your fate, but with bitterness
C) Turned to self-pity and anger
D) Began seeking answers beyond science","""Traveling to Kamar-Taj, you met the Ancient One and discovered the Mystic Arts. Your first reaction to magic was...""
A) Disbelief, refusing to accept it
B) Fascination, eager to learn more
C) Skepticism, but willing to explore it
D) Frustration, wanting instant results","""As the new Sorcerer Supreme, you now protect Earth from mystical threats. When faced with a powerful enemy, your strategy is usually to...""
A) Outsmart them with magical knowledge
B) Confront them head-on, using raw power
C) Negotiate before resorting to combat
D) Manipulate time to shift the odds",,,,,,,
14,Stephen Strange “Doctor Strange”,https://www.personality-database.com/profile/2011/stephen-strange-doctor-strange-marvel-comics-mbti-personality-type,2011,"['Marvel Comics', 'Marvel vs. Capcom']","A brilliant but arrogant New York surgeon, Dr. Stephen Strange's life was turned upside down when a car crash caused irreparable nerve damage to his hands, preventing him from ever holding a scalpel again. Driven by arrogance and desperation, he traveled the world in search of a cure, finally arriving in Tibet to seek the help of the Ancient One, a powerful wizard and (unbeknownst to him) the Sorcerer Supreme, the mage charged with protecting the Earth from the otherdimensional Cosmic menaces who would threaten it.

Sensing his great magical potential, the Ancient One asked Strange to become his new apprentice, and the now humbled Strange accepted.

After years of study, he moved back to New York and engaged in many mystical adventures and fought many wicked foes, including the vengeful Mordo, the Dread Dormammu and the abominable Shuma-Gorath, who caused the death of the Ancient One, leading to Strange inheriting his title and responsibilities","""From a young age, you displayed an incredible intellect and steady hands, making you destined for greatness. When faced with competition, you...""
A) Saw it as motivation to be the best
B) Ignored it, knowing you were superior
C) Felt threatened and sought to outshine them
D) Relied on charm to win people over","""As a teenager, you became more focused on your ambitions and success. When your family needed you, your response was...""
A) Prioritizing your career over personal matters
B) Helping reluctantly, feeling burdened
C) Balancing both but favoring your own goals
D) Completely ignoring them, focusing on yourself","""After losing the ability to perform surgery due to a car accident, you searched for a cure. When modern medicine failed, you...""
A) Refused to accept it, spiraling into desperation
B) Became obsessed with finding alternative solutions
C) Tried to return to your old life despite your condition
D) Resented everyone who tried to help you","""Arriving in Tibet, you sought the help of the Ancient One, but he refused to heal your hands. Your initial reaction was to...""
A) Dismiss him as a fraud and demand answers
B) Accept his teachings, hoping for a cure
C) Question everything, unable to believe in magic
D) Plan to leave, until you saw proof of his power","""Training in the Mystic Arts, you discovered Baron Mordo’s treachery. When he tried to betray the Ancient One, you...""
A) Alerted the Ancient One immediately
B) Confronted Mordo and demanded the truth
C) Kept quiet, hoping to learn more first
D) Waited for the right moment to expose him","""After the Ancient One’s death, you became Sorcerer Supreme and faced Dormammu. Your strategy in stopping him was to...""
A) Challenge him directly in combat
B) Outsmart him using magical trickery
C) Bargain with him to save Earth
D) Use forbidden magic, despite the risks
",,,,,,,
14,"Stephen Strange ""Doctor Strange Supreme""",https://www.personality-database.com/profile/388252/stephen-strange-doctor-strange-supreme-what-if-2021-mbti-personality-type,388252,"['What If...? (2021)', 'MCU: The Antiheroes']","Doctor Stephen Vincent Strange M.D., Ph.D. is the Sorcerer Supreme and a Master of the Mystic Arts. Strange became hellbent on resurrecting his late girlfriend Christine Palmer after she died in a car accident.

#WhatIfShow #WhatIfMarvel #BenedictCumberbatch #StephenStrange #DoctorStrange #DoctorStrangeSupreme","""As a child, you were gifted with intelligence and precision, setting you apart from others. When you made a mistake, your typical reaction was...""
A) Fixing it immediately, refusing to fail
B) Blaming external factors instead of yourself
C) Accepting it as a learning experience
D) Obsessing over it, unable to move on","""During your teenage years, your ambition became clear. When someone outperformed you, your response was...""
A) Working harder to surpass them
B) Feeling bitter but hiding it
C) Ignoring them, believing you were still superior
D) Looking for flaws in their success","""Your life changed forever when a tragic car accident took Christine Palmer's life. In your grief, you...""
A) Searched desperately for a way to bring her back
B) Tried to move on, but struggled deeply
C) Shut yourself off from the world
D) Became obsessed with defying fate

","""As Sorcerer Supreme, you learned the natural laws of the universe. When told that Christine’s death was an Absolute Point, meaning it could not be changed, you...""
A) Refused to accept it and sought forbidden knowledge
B) Accepted it but never stopped grieving
C) Tried to find loopholes in the laws of time
D) Tested small spells to see if they could alter fate

","""You began absorbing mystical beings to increase your power, knowing the risks. When your reflection warned you to stop, you...""
A) Ignored it, convinced you were doing the right thing
B) Hesitated, but ultimately continued
C) Considered stopping, but your obsession won
D) Destroyed your reflection, silencing doubt","""After realizing that your actions doomed the universe, you were left alone in a collapsing void. Your final thought was...""
A) Regret, realizing you had been wrong all along
B) Anger, blaming the universe for its cruelty
C) Acceptance, knowing this was your punishment
D) Hope, believing there was still a way to fix things",,,,,,,
14,Steven Strange,https://www.personality-database.com/profile/133165/steven-strange-dr-strange-1978-mbti-personality-type,133165,['Dr. Strange (1978)'],"Steven Strange is the main character of the superhero movie of the same name Dr. Strange (1978).
He is a very kind and proud lifesaver that works as a Doctor for the smiles of his patients.
Once he randomly crosses the old guy (his future mentor), he becomes the most powerful Sorcerer Supreme Doctor Strange.
Just like everyone else in the movie, he has very vague mysterious magical powers that he shall use to defeat Dormammu.","""As a child, you were known for your kindness and intelligence. When someone needed help, your first instinct was to...""
A) Assist them immediately, no matter what
B) Evaluate if they truly needed help first
C) Let someone else handle it
D) Ignore it, focusing on your own path","""During your teenage years, you became more confident in your abilities. When people praised you for your medical knowledge, you...""
A) Humbly accepted but kept working harder
B) Proudly acknowledged that you were the best
C) Used the praise as motivation to do more
D) Brushed it off, believing it was just expected","""As a doctor, you took great pride in saving lives. One day, after encountering a mysterious old man, he told you that you had a greater destiny. Your reaction was to...""
A) Dismiss him as a delusional stranger
B) Laugh it off but remain curious
C) Listen carefully, intrigued by his words
D) Immediately believe him and seek answers

","""After meeting your future mentor, you began learning magic despite its vague and mysterious nature. Your first attempt at casting a spell resulted in...""
A) A completely unexpected magical effect
B) A minor success, but with no explanation why
C) A powerful burst of energy you couldn't control
D) A total failure, leaving you confused

","""As you embraced your destiny as Sorcerer Supreme, Dormammu emerged as a threat. Your first move was to...""
A) Confront him with whatever magic you could muster
B) Try to understand his vague, mysterious power
C) Call upon your mentor for advice
D) Confidently assume you had the power to stop him","""With the fate of reality at stake, you stood against Dormammu. Your final strategy to stop him was to...""
A) Use unexplained, yet effective, magical abilities
B) Channel raw magical energy with no clear rules
C) Hope that sheer willpower would be enough
D) Trust in the power of kindness and belief",,,,,,,
14,Stephen Strange “Doctor Strange” (Temporal Paradox),https://www.personality-database.com/profile/398132/stephen-strange-doctor-strange-temporal-paradox-what-if-2021-mbti-personality-type,398132,['What If...? (2021)'],"Doctor Stephen Vincent Strange M.D., Ph.D. was the Sorcerer Supreme and a Master of the Mystic Arts during a time paradox. He was separated from an alternate version of himself by the Ancient One and was tasked with stopping him from breaking an Absolute Point. He was ultimately defeated and absorbed into the corrupted Strange.

#WhatIfShow #WhatIfMarvel #BenedictCumberbatch #StephenStrange #DoctorStrange","""As a child, you always sought knowledge and perfection. When faced with failure, your response was to...""
A) Learn from your mistakes and try again
B) Push yourself harder, refusing to accept defeat
C) Blame external factors for your failure
D) Avoid trying again to protect your ego","""During your teenage years, your intelligence and skill set you apart from others. When someone doubted you, you...""
A) Ignored them, knowing you were right
B) Took it as motivation to prove them wrong
C) Corrected them with confidence
D) Mocked them for questioning your abilities","""After losing Christine Palmer in a tragic accident, you struggled with grief. When told that her death was an Absolute Point in time, you...""
A) Accepted it, knowing some things can't be changed
B) Searched for another way to bring her back
C) Ignored the warning and sought forbidden knowledge
D) Fell into despair, questioning your purpose","""After the Ancient One split you from your darker half, you were tasked with stopping him from breaking an Absolute Point. Your first approach was to...""
A) Try reasoning with him, appealing to his emotions
B) Fight him directly, knowing he was too dangerous
C) Attempt to use magic to counter his growing power
D) Seek guidance from mystical forces beyond your world","""Despite your best efforts, your darker half became too powerful. In your final battle, you...""
A) Used all your strength, but ultimately fell
B) Tried to outthink him, but he was too determined
C) Fought until the very end, refusing to surrender
D) Accepted your fate, hoping the universe could still be saved","""As you were absorbed by the corrupted Strange, your final thoughts were...""
A) Regret, knowing you couldn’t stop him
B) Hope, believing that someone else would restore balance
C) Anger, blaming yourself for not being strong enough
D) Acceptance, knowing you did all you could",,,,,,,
15,Clint Barton “Hawkeye”,https://www.personality-database.com/profile/2006/clint-barton-hawkeye-marvel-comics-mbti-personality-type,2006,"['Marvel Comics', 'Marvel vs. Capcom']","Hawkeye (Clinton Francis ""Clint"" Barton) is a fictional superhero appearing in American comic books published by Marvel Comics. Created by writer Stan Lee and artist Don Heck, the character first appeared as a villain in Tales of Suspense #57 (Sept. 1964) and later joined the Avengers in The Avengers #16 (May 1965).",,,,,,,,,,,,,
15,"Clint Barton ""Hawkeye""",https://www.personality-database.com/profile/344993/clint-barton-hawkeye-what-if-2021-mbti-personality-type,344993,['What If...? (2021)'],"Clinton Francis ""Clint"" Barton, also known as Hawkeye, was an extremely skilled marksman, a special agent of S.H.I.E.L.D., and one of the candidates for the Avengers Initiative before being killed by Hank Pym like all other candidates.

#WhatIfShow #WhatIfMarvel #JeremyRenner #ClintBarton #ClintonFrancisBarton #Hawkeye",,,,,,,,,,,,,
16,King T’Challa “Black Panther”,https://www.personality-database.com/profile/2588/king-tchalla-black-panther-mcu-the-heroes-mbti-personality-type,2588,"['MCU: The Heroes', 'Disney Infinity ']","T’Challa is the King of Wakanda and the holder of the protector of his tribe, the Black Panther. After his father was killed in a terrorist attack orchestrated by Colonel Helmut Zemo, T’Challa focused his efforts on killing the man he believed was responsible, James Barnes. This led him to enter the conflict between the Avengers on the side of Anthony Stark's team. However, when he discovered that Zemo had been the culprit in T’Chaka's death, he captured him without being consumed by revenge and helped Barnes recover from his trauma in Wakanda.

#MCU #ChadwickBoseman #TChalla #BlackPanther",,,,,,,,,,,,,
16,T’Challa “Black Panther”,https://www.personality-database.com/profile/2010/tchalla-black-panther-marvel-comics-mbti-personality-type,2010,"['Marvel Comics', 'Marvel vs. Capcom']","Black Panther is a fictional superhero appearing in American comic books published by Marvel Comics. The character was created by writer-editor Stan Lee and writer-artist Jack Kirby, first appearing in Fantastic Four #52 (cover-dated July 1966) in the Silver Age of Comic Books. Black Panther's real name is T'Challa, king, and protector of the fictional African nation of Wakanda.",,,,,,,,,,,,,
16,"T'Challa ""Black Panther""",https://www.personality-database.com/profile/398398/tchalla-black-panther-what-if-2021-mbti-personality-type,398398,['What If...? (2021)'],"T'Challa, better known as Black Panther, was the royal protector of Wakanda and the son of King T'Chaka who died at the hands of his cousin.

T’Challa in Episodes 5 and 6 of What If.

#WhatIfShow #WhatIfMarvel #ChadwickBoseman #TChalla #BlackPanther",,,,,,,,,,,,,
17,"Victor Stone ""Cyborg""",https://www.personality-database.com/profile/1994/victor-stone-cyborg-dc-comics-mbti-personality-type,1994,"['DC Comics', 'Injustice: Gods Among Us']","Cyborg is a fictional superhero appearing in American comic books published by DC Comics . The character was created by writer Marv Wolfman and artist George Pérez and first appears in a special insert in DC Comics Presents #26 (October 1980). Originally known as a member of the Teen Titans, Cyborg was established as a founding member of the Justice League in DC's 2011 reboot of its comic book titles and subsequently in the 2016 relaunch of its continuity.",,,,,,,,,,,,,
17,Cyborg,https://www.personality-database.com/profile/2648/steve-rogers-captain-america-marvel-comics-mbti-personality-type#google_vignette,2648,"['Teen Titans (2003)', 'Teen Titans GO! vs. Teen Titans']","As a teenager, Cyborg was hideously mutilated in a car accident. Fortunately, his parents were foremost experts in cybernetic enhancements, so they integrated their son with a variety of advanced robotic components in order to save his life. For quite some time afterward, he was despondent about his change, and even in the series he remains somewhat unhappy with the loss of his normal life. But he retains a strong zest for life and devotes himself to making the best of his situation, to the extent he usually appears much happier than Robin does. As a cybernetically augmented human, Cyborg has several built in weapons (mainly a sonic cannon), the general resilience you'd expect of someone who's only partly squishy flesh and covered in armor, and super strength, as well as a considerable IQ that he puts to use as a Gadgeteer Genius.",,,,,,,,,,,,,
18,"Hal Jordan ""Green Lantern""",https://www.personality-database.com/profile/1992/hal-jordan-green-lantern-dc-comics-mbti-personality-type,1992,"['DC Comics', 'Injustice: Gods Among Us']","Hal Jordan, also known as Green Lantern, is a fictional superhero appearing in American comic books published by DC Comics. The character was created in 1959 by writer John Broome and artist Gil Kane, and first appeared in Showcase #22 (October 1959). Hal Jordan is a reinvention of the previous Green Lantern who appeared in 1940s comic books as the character Alan Scott.Hal Jordan is a fighter pilot, a member and occasionally leader of an intergalactic police force called the Green Lantern Corps, as well as a founding member of the Justice League, DC's flagship superhero team, alongside well-known heroes such as Batman, Superman, and Wonder Woman.",,,,,,,,,,,,,
18,Green Lantern (Hal Jordan),https://www.personality-database.com/profile/83252/green-lantern-hal-jordan-justice-league-2001-mbti-personality-type,83252,['Justice League (2001)'],"A U.S. Air Force pilot stationed at Broome Lake. In another life, Hal Jordan would have been the Green Lantern that joined the Justice League. During the crisis caused by Chronos's tampering with the timeline, he briefly appeared in place of John Stewart. At some point in the main timeline, he eventually becomes a Green Lantern and joins the Justice League.",,,,,,,,,,,,,
19,Green Arrow (Oliver Queen),https://www.personality-database.com/profile/14668/green-arrow-oliver-queen-justice-league-2001-mbti-personality-type,14668,"['Justice League (2001)', 'DC Animated Universe (Timmverse/Deniverse)']","Green Arrow (Oliver Queen) is a superhero recruited into the Justice League after the Thanagarian invasion. He came from a wealthy background, but held left-wing views from an early age. A skilled archer, he dressed himself as Robin Hood, developed an arsenal of trick arrows with various functions, dubbed himself Green Arrow and became a vigilante.",,,,,,,,,,,,,
19,"Oliver Queen ""Green Arrow""",https://www.personality-database.com/profile/1996/oliver-queen-green-arrow-dc-comics-mbti-personality-type,1996,"['DC Comics', 'Injustice: Gods Among Us']","Green Arrow is a fictional superhero who appears in comic books published by DC Comics. Created by Mort Weisinger and designed by George Papp, he first appeared in More Fun Comics #73 in November 1941. His real name is Oliver Jonas Queen, a wealthy businessman and owner of Queen Industries who is also a well-known celebrity in Star City. Sometimes shown dressed like the character Robin Hood, Green Arrow is an archer who uses his skills to fight crime in his home cities of Star City and Seattle, as well as alongside his fellow superheroes as a member of the Justice League.",,,,,,,,,,,,,
20,Martian Manhunter (J'onn J'onzz),https://www.personality-database.com/profile/1752/martian-manhunter-jonn-jonzz-justice-league-2001-mbti-personality-type,1752,['Justice League (2001)'],"After the conquering race known as the Imperium wiped out all other life on his home planet of Mars, J'onn J'onzz managed to seal them away and set himself as a guard over them to prevent their escape. However, many years later they were unwittingly released by Earth astronauts and set their sights on conquering Earth. With the help of six of Earth's mightiest heroes, J'onn was able to defeat the Imperium and eventually adopted Earth as his new home.",,,,,,,,,,,,,
20,J’onn J’onnz “Martian Manhunter”,https://www.personality-database.com/profile/1995/jonn-jonnz-martian-manhunter-dc-comics-mbti-personality-type,1995,"['DC Comics', 'Scribblenauts']","The Martian Manhunter (J’onn J’onzz) is a fictional superhero appearing in American comic books published by DC Comics. Created by writer Joseph Samachson and designed by artist Joe Certa, the character first appeared in the story “The Manhunter from Mars” in Detective Comics #225 (Nov. 1955). Martian Manhunter is one of the seven original members of the Justice League of America and one of the most powerful beings in the DC Universe.",,,,,,,,,,,,,
21,"Kent Nelson ""Doctor Fate""",https://www.personality-database.com/profile/506747/kent-nelson-doctor-fate-dc-extended-universe-mbti-personality-type,506747,"['DC Extended Universe', 'Black Adam (2022)']","A member of the JSA and the son of an archeologist who learned sorcery and was given the magical Helmet of Fate. Brosnan wore a motion capture suit for the role.

#PierceBrosnan",,,,,,,,,,,,,
21,Doctor Fate (Kent Nelson),https://www.personality-database.com/profile/83268/doctor-fate-kent-nelson-justice-league-2001-mbti-personality-type,83268,['Justice League (2001)'],Doctor Fate was mystical superhero who worked with Superman before. He's later become a member of the Justice League after the Thanagarian invasion who has magic powers.,,,,,,,,,,,,,
